Country_code,HPI,Country,LifeEx,Wellbeing,InequalityOut,EcologicalFoot
CR,1,Costa Rica,79.1,7.3,15,2.8
MX,2,Mexico,76.4,7.3,19,2.9
CO,3,Colombia,73.7,6.4,24,1.9
VU,4,Vanuatu,71.3,6.5,22,1.9
VN,5,Vietnam,75.5,5.5,19,1.7
PA,6,Panama,77.2,6.9,19,2.8
NI,7,Nicaragua,74.3,5.4,25,1.4
BD,8,Bangladesh,70.8,4.7,27,0.7
TH,9,Thailand,74.1,6.3,15,2.7
EC,10,Ecuador,75.4,6,22,2.2
JM,11,Jamaica,75.3,5.6,21,1.9
NO,12,Norway,81.3,7.7,7,5
AL,13,Albania,77.3,5.5,17,2.2
UY,14,Uruguay,76.9,6.4,18,2.9
ES,15,Spain,82.2,6.3,10,3.7
ID,16,Indonesia,68.5,5.4,21,1.6
SV,17,El Salvador,72.5,5.9,22,2.1
NL,18,Netherlands,81.2,7.5,4,5.3
AR,19,Argentina,75.9,6.5,16,3.1
PH,20,Philippines,67.9,5,26,1.1
PE,21,Peru,74.1,5.8,21,2.3
PS,22,Palestine,72.6,4.6,24,1.2
BR,23,Brazil,73.9,6.9,22,3.1
CH,24,Switzerland,82.6,7.8,6,5.8
TJ,25,Tajikistan,69,4.5,26,0.9
GT,26,Guatemala,71.4,5.9,27,1.9
BZ,27,Belize,69.8,6.1,18,2.5
LK,28,Sri Lanka,74.6,4.2,17,1.3
VE,29,Venezuela,73.9,7.1,19,3.6
DZ,30,Algeria,74.3,5.6,24,2.1
KG,31,Kyrgyzstan,69.7,5.2,18,1.9
DK,32,Denmark,79.8,7.5,7,5.5
GB,34,United Kingdom,80.4,6.9,9,4.9
CL,35,Chile,81.1,6.6,14,4.4
PK,36,Pakistan,65.7,5.1,40,0.8
FI,37,Finland,80.4,7.4,6,5.9
NZ,38,New Zealand,81.4,7.2,8,5.6
IS,39,Iceland,82.2,7.6,5,6.4
GS,40,Georgia,74.6,4.3,20,1.6
CY,41,Cyprus,79.8,6.2,12,4.2
NP,42,Nepal,68.8,4.2,27,1
AT,43,Austria,81,7.4,7,6.1
FR,44,France,81.8,6.6,9,5.1
DO,45,Dominican Republic,73.1,4.8,30,1.5
MY,46,Malaysia,74.4,5.9,10,3.7
HR,47,Croatia,77,6,12,3.9
IE,48,Ireland,80.5,7,8,5.6
DE,49,Germany,80.6,6.7,8,5.3
IN,50,India,67.3,4.6,31,1.2
UZ,51,Uzbekistan,68.2,6,30,2.3
RS,52,Serbia,74.5,5.2,19,2.7
MT,53,Malta,80.2,6,13,4.4
IL,54,Israel,81.9,7.1,8,6.2
RO,55,Romania,74.3,5.2,19,2.7
BT,56,Bhutan,68.7,5.6,27,2.3
HT,57,Haiti,62.1,4.4,37,0.6
JP,58,Japan,83.2,6,9,5
SK,59,Slovakia,75.9,5.9,13,4.1
IT,60,Italy,82.7,5.8,12,4.6
SE,61,Sweden,81.8,7.6,6,7.3
PL,62,Poland,76.9,5.9,11,4.4
MU,63,Mauritius,74,5.5,17,3.5
CZ,64,Czech Republic,78.2,6.3,9,5.2
HN,65,Honduras,72.8,4.6,31,1.7
ET,66,Ethiopia,62.8,4.6,36,1
IQ,67,Iraq,69,4.7,27,1.9
TR,68,Turkey,74.7,5.3,19,3.3
HU,69,Hungary,74.9,4.7,15,2.9
UA,70,Ukraine,70.3,5,17,2.8
TN,71,Tunisia,74.6,4.5,22,2.3
CN,72,China,75.4,5.1,17,3.4
AM,73,Armenia,74.4,4.3,22,2.2
KH,74,Cambodia,67.5,3.9,28,1.2
SR,75,Suriname,70.8,6.3,19,4.3
BA,76,Bosnia and Herzegovina,76.2,4.8,19,3.1
ZM,77,Zambia,58.4,5,41,1
ME,78,Montenegro,75.8,5.2,16,3.8
PT,79,Portugal,80.3,5,16,3.9
????,80,South Korea,81.3,6,11,5.7
MM,81,Myanmar,65.5,4.4,32,1.4
SI,82,Slovenia,80,6.1,10,5.8
KE,83,Kenya,60.3,4.5,38,1
IR,84,Iran,74.8,4.6,23,2.8
CA,85,Canada,81.7,7.4,9,8.2
EG,86,Egypt,70.7,4.2,23,2.2
BE,87,Belgium,80.4,6.9,9,7.4
MZ,88,Mozambique,54.3,5,43,0.9
GR,89,Greece,80.5,5.1,16,4.4
MK,90,Macedonia,75.1,4.6,18,3.3
PY,91,Paraguay,72.6,5.8,22,4.2
BO,92,Bolivia,67.5,6,35,3
KM,93,Comoros,62.6,4,36,1
YE,94,Yemen,63.3,4.1,39,1
NG,95,Nigeria,52.1,5.5,44,1.2
LR,96,Liberia,60.2,4.4,38,1.2
TZ,97,Tanzania,63.5,4,33,1.3
MW,98,Malawi,60.1,4.3,45,0.8
ZW,99,Zimbabwe,53.7,5,37,1.4
LB,100,Lebanon,78.8,4.6,19,3.8
SN,101,Senegal,65.4,3.7,33,1.2
BY,102,Belarus,70.9,5.7,13,5.1
NA,103,Namibia,64,4.7,26,2.5
GH,104,Ghana,61,5.1,38,2
AU,105,Australia,82.1,7.2,8,9.3
OM,106,Oman,76.3,6.9,13,7.5
LT,107,Lithuania,72.8,5.8,11,5.8
US,108,United States,78.8,7,13,8.2
BG,109,Bulgaria,73.9,4.2,19,3.3
AF,110,Afghanistan,59.7,3.8,43,0.8
RW,111,Rwanda,63.1,3.3,37,0.9
UG,112,Uganda,57.1,4.3,41,1.2
SY,113,Syria,70.4,3.2,30,1.5
KZ,114,Kazakhstan,68.6,5.8,18,5.6
CG,115,Republic of Congo,61,3.9,40,1.3
RU,116,Russia,69.5,5.6,16,5.7
MR,117,Mauritania,62.6,4.7,37,2.5
EE,118,Estonia,76.2,5.4,12,6.9
BF,119,Burkina Faso,58,4,43,1.2
GA,120,Gabon,63.3,4,36,2
LV,121,Latvia,73.6,5.1,14,6.3
NE,122,Niger,60,3.8,40,1.6
HK,123,Hong Kong,83.6,5.5,10,8.8
CM,124,Cameroon,54.6,4.2,47,1.2
LS,125,Lesotho,48.9,4.9,42,1.7
BW,126,Botswana,64.2,4.8,28,3.8
DJ,127,Djibouti,61.3,4.4,42,2.2
ZA,128,South Africa,56.3,5.1,33,3.3
GQ,129,Guinea,57.7,3.7,42,1.4
TT,130,Trinidad and Tobago,70.1,6.4,21,7.9
BI,131,Burundi,55.8,3.4,48,0.8
SZ,132,Swaziland,48.9,4.9,41,2
SL,133,Sierra Leone,49.8,4.5,50,1.2
TM,134,Turkmenistan,65.3,5.5,31,5.5
CIV,135,Cote d'Ivoire,50.8,3.8,45,1.3
MN,136,Mongolia,68.6,4.9,22,6.1
BJ,137,Benin,59.2,3.2,44,1.4
TG,138,Togo,58.6,2.9,43,1.1
LU,139,Luxembourg,81.1,7,7,15.8
TD,140,Chad,50.8,4,51,1.5